ID,Name,PhotoUrl
887500785 	Nellie Watson       	https://randomuser.me/api/portraits/women/38.jpg
111624152 	Ian Nguyen          	https://randomuser.me/api/portraits/men/94.jpg
531888439 	Jesus Chavez        	https://randomuser.me/api/portraits/men/62.jpg
905417566 	Luke Gray           	https://randomuser.me/api/portraits/men/9.jpg
642415843 	Heather Fox         	https://randomuser.me/api/portraits/women/32.jpg
359042084 	Becky Hunter        	https://randomuser.me/api/portraits/women/64.jpg
364351702 	Terra Vargas        	https://randomuser.me/api/portraits/women/43.jpg
556994122 	Claudia Simmmons    	https://randomuser.me/api/portraits/women/77.jpg
898929552 	Jamie Berry         	https://randomuser.me/api/portraits/men/51.jpg
212338906 	Gina West           	https://randomuser.me/api/portraits/women/66.jpg
